day_of_year,Sitka_mean,Sitka_std,Ketchikan_mean,Ketchikan_std,Haida_Gwaii_mean,Haida_Gwaii_std,Bella_Bella_mean,Bella_Bella_std,Howe_Sound_mean,Howe_Sound_std,SJI_mean,SJI_std,Westport_mean,Westport_std,Newport_mean,Newport_std,Crescent_City_mean,Crescent_City_std,Fort_Bragg_mean,Fort_Bragg_std,Monterey_mean,Monterey_std
1,6.7665,0.8365,6.6874,0.6813,8.1676,0.6994,8.0786,0.7073,7.2009,0.4674,8.0135,0.4584,9.3187,0.8794,10.5178,0.9408,10.9664,0.9939,11.8187,0.8920,12.8932,0.9114
2,6.7379,0.8362,6.6658,0.6875,8.1475,0.6987,8.0601,0.7020,7.1809,0.4659,7.9937,0.4599,9.2985,0.8799,10.4998,0.9389,10.9524,0.9879,11.8017,0.8877,12.8787,0.9048
3,6.7094,0.8360,6.6442,0.6937,8.1274,0.6979,8.0416,0.6968,7.1609,0.4644,7.9739,0.4615,9.2784,0.8805,10.4819,0.9370,10.9384,0.9819,11.7847,0.8833,12.8642,0.8982
4,6.6809,0.8357,6.6226,0.6998,8.1073,0.6971,8.0231,0.6916,7.1409,0.4629,7.9541,0.4630,9.2583,0.8811,10.4639,0.9351,10.9244,0.9759,11.7677,0.8790,12.8497,0.8917
5,6.6523,0.8354,6.6011,0.7060,8.0871,0.6964,8.0046,0.6864,7.1209,0.4614,7.9343,0.4645,9.2381,0.8816,10.4460,0.9332,10.9104,0.9699,11.7507,0.8746,12.8352,0.8851
6,6.6238,0.8352,6.5795,0.7122,8.0670,0.6956,7.9861,0.6811,7.1009,0.4599,7.9145,0.4661,9.2180,0.8822,10.4281,0.9312,10.8964,0.9639,11.7337,0.8703,12.8207,0.8785
7,6.5953,0.8349,6.5579,0.7183,8.0469,0.6948,7.9676,0.6759,7.0809,0.4584,7.8947,0.4676,9.1978,0.8828,10.4101,0.9293,10.8824,0.9579,11.7167,0.8659,12.8062,0.8719
8,6.5667,0.8346,6.5363,0.7245,8.0268,0.6941,7.9491,0.6707,7.0609,0.4569,7.8749,0.4691,9.1777,0.8833,10.3922,0.9274,10.8684,0.9519,11.6997,0.8616,12.7917,0.8654
9,6.5382,0.8343,6.5147,0.7307,8.0067,0.6933,7.9306,0.6654,7.0409,0.4554,7.8551,0.4707,9.1576,0.8839,10.3742,0.9255,10.8544,0.9458,11.6827,0.8573,12.7772,0.8588
10,6.5097,0.8341,6.4932,0.7368,7.9866,0.6926,7.9121,0.6602,7.0209,0.4538,7.8353,0.4722,9.1374,0.8845,10.3563,0.9236,10.8404,0.9398,11.6657,0.8529,12.7627,0.8522
11,6.4812,0.8338,6.4716,0.7430,7.9665,0.6918,7.8935,0.6550,7.0009,0.4523,7.8155,0.4737,9.1173,0.8850,10.3383,0.9217,10.8264,0.9338,11.6487,0.8486,12.7483,0.8457
12,6.4526,0.8335,6.4500,0.7492,7.9464,0.6910,7.8750,0.6497,6.9809,0.4508,7.7957,0.4752,9.0972,0.8856,10.3204,0.9197,10.8124,0.9278,11.6317,0.8442,12.7338,0.8391
13,6.4241,0.8332,6.4284,0.7553,7.9263,0.6903,7.8565,0.6445,6.9609,0.4493,7.7758,0.4768,9.0770,0.8861,10.3024,0.9178,10.7984,0.9218,11.6147,0.8399,12.7193,0.8325
14,6.3956,0.8330,6.4068,0.7615,7.9061,0.6895,7.8380,0.6393,6.9409,0.4478,7.7560,0.4783,9.0569,0.8867,10.2845,0.9159,10.7843,0.9158,11.5977,0.8355,12.7048,0.8260
15,6.3670,0.8327,6.3853,0.7676,7.8860,0.6887,7.8195,0.6340,6.9209,0.4463,7.7362,0.4798,9.0367,0.8873,10.2666,0.9140,10.7703,0.9098,11.5807,0.8312,12.6903,0.8194
16,6.3385,0.8324,6.3637,0.7738,7.8659,0.6880,7.8010,0.6288,6.9009,0.4448,7.7164,0.4814,9.0166,0.8878,10.2486,0.9121,10.7563,0.9038,11.5637,0.8269,12.6758,0.8128
17,6.3164,0.8305,6.3463,0.7681,7.8547,0.6894,7.7869,0.6281,6.9032,0.4468,7.7148,0.4821,9.0083,0.8888,10.2369,0.9118,10.7465,0.9033,11.5546,0.8304,12.6708,0.8146
18,6.2942,0.8286,6.3288,0.7624,7.8434,0.6909,7.7729,0.6274,6.9055,0.4487,7.7132,0.4829,9.0001,0.8897,10.2252,0.9115,10.7367,0.9027,11.5455,0.8339,12.6657,0.8165
19,6.2721,0.8267,6.3114,0.7567,7.8321,0.6923,7.7588,0.6267,6.9078,0.4507,7.7115,0.4837,8.9918,0.8906,10.2134,0.9112,10.7268,0.9022,11.5364,0.8373,12.6607,0.8183
20,6.2499,0.8247,6.2940,0.7510,7.8209,0.6938,7.7447,0.6260,6.9101,0.4526,7.7099,0.4844,8.9836,0.8915,10.2017,0.9109,10.7170,0.9016,11.5273,0.8408,12.6557,0.8201
21,6.2278,0.8228,6.2766,0.7453,7.8096,0.6952,7.7306,0.6253,6.9124,0.4546,7.7083,0.4852,8.9753,0.8924,10.1900,0.9107,10.7072,0.9011,11.5182,0.8443,12.6506,0.8219
22,6.2057,0.8209,6.2592,0.7396,7.7983,0.6967,7.7166,0.6246,6.9147,0.4565,7.7066,0.4859,8.9671,0.8933,10.1782,0.9104,10.6974,0.9005,11.5090,0.8478,12.6456,0.8238
23,6.1835,0.8190,6.2418,0.7339,7.7871,0.6982,7.7025,0.6239,6.9169,0.4584,7.7050,0.4867,8.9588,0.8942,10.1665,0.9101,10.6875,0.9000,11.4999,0.8513,12.6406,0.8256
24,6.1614,0.8171,6.2244,0.7282,7.7758,0.6996,7.6884,0.6232,6.9192,0.4604,7.7034,0.4875,8.9506,0.8952,10.1548,0.9098,10.6777,0.8994,11.4908,0.8548,12.6355,0.8274
25,6.1392,0.8151,6.2070,0.7225,7.7645,0.7011,7.6743,0.6225,6.9215,0.4623,7.7017,0.4882,8.9423,0.8961,10.1431,0.9095,10.6679,0.8989,11.4817,0.8583,12.6305,0.8292
26,6.1171,0.8132,6.1895,0.7168,7.7533,0.7025,7.6603,0.6218,6.9238,0.4643,7.7001,0.4890,8.9340,0.8970,10.1313,0.9093,10.6581,0.8983,11.4726,0.8618,12.6255,0.8310
27,6.0950,0.8113,6.1721,0.7111,7.7420,0.7040,7.6462,0.6211,6.9261,0.4662,7.6985,0.4898,8.9258,0.8979,10.1196,0.9090,10.6482,0.8978,11.4635,0.8653,12.6204,0.8329
28,6.0728,0.8094,6.1547,0.7054,7.7308,0.7054,7.6321,0.6204,6.9284,0.4682,7.6968,0.4905,8.9175,0.8988,10.1079,0.9087,10.6384,0.8972,11.4544,0.8688,12.6154,0.8347
29,6.0507,0.8075,6.1373,0.6997,7.7195,0.7069,7.6180,0.6197,6.9307,0.4701,7.6952,0.4913,8.9093,0.8997,10.0961,0.9084,10.6286,0.8967,11.4453,0.8723,12.6104,0.8365
30,6.0285,0.8055,6.1199,0.6940,7.7082,0.7083,7.6040,0.6190,6.9330,0.4721,7.6936,0.4921,8.9010,0.9007,10.0844,0.9082,10.6187,0.8961,11.4362,0.8758,12.6053,0.8383
31,6.0064,0.8036,6.1025,0.6883,7.6970,0.7098,7.5899,0.6183,6.9353,0.4740,7.6919,0.4928,8.8928,0.9016,10.0727,0.9079,10.6089,0.8956,11.4271,0.8793,12.6003,0.8402
32,5.9842,0.8017,6.0851,0.6826,7.6857,0.7112,7.5758,0.6176,6.9376,0.4760,7.6903,0.4936,8.8845,0.9025,10.0610,0.9076,10.5991,0.8951,11.4180,0.8828,12.5953,0.8420
33,5.9621,0.7998,6.0677,0.6768,7.6744,0.7127,7.5617,0.6169,6.9398,0.4779,7.6886,0.4944,8.8763,0.9034,10.0492,0.9073,10.5893,0.8945,11.4088,0.8862,12.5902,0.8438
34,5.9400,0.7979,6.0502,0.6711,7.6632,0.7141,7.5477,0.6161,6.9421,0.4799,7.6870,0.4951,8.8680,0.9043,10.0375,0.9070,10.5794,0.8940,11.3997,0.8897,12.5852,0.8456
35,5.9178,0.7959,6.0328,0.6654,7.6519,0.7156,7.5336,0.6154,6.9444,0.4818,7.6854,0.4959,8.8597,0.9052,10.0258,0.9068,10.5696,0.8934,11.3906,0.8932,12.5802,0.8475
36,5.8957,0.7940,6.0154,0.6597,7.6406,0.7171,7.5195,0.6147,6.9467,0.4837,7.6837,0.4967,8.8515,0.9061,10.0140,0.9065,10.5598,0.8929,11.3815,0.8967,12.5751,0.8493
37,5.8735,0.7921,5.9980,0.6540,7.6294,0.7185,7.5055,0.6140,6.9490,0.4857,7.6821,0.4974,8.8432,0.9071,10.0023,0.9062,10.5500,0.8923,11.3724,0.9002,12.5701,0.8511
38,5.8514,0.7902,5.9806,0.6483,7.6181,0.7200,7.4914,0.6133,6.9513,0.4876,7.6805,0.4982,8.8350,0.9080,9.9906,0.9059,10.5401,0.8918,11.3633,0.9037,12.5651,0.8529
39,5.8293,0.7883,5.9632,0.6426,7.6068,0.7214,7.4773,0.6126,6.9536,0.4896,7.6788,0.4989,8.8267,0.9089,9.9789,0.9056,10.5303,0.8912,11.3542,0.9072,12.5600,0.8547
40,5.8071,0.7863,5.9458,0.6369,7.5956,0.7229,7.4632,0.6119,6.9559,0.4915,7.6772,0.4997,8.8185,0.9098,9.9671,0.9054,10.5205,0.8907,11.3451,0.9107,12.5550,0.8566
41,5.7850,0.7844,5.9284,0.6312,7.5843,0.7243,7.4492,0.6112,6.9582,0.4935,7.6756,0.5005,8.8102,0.9107,9.9554,0.9051,10.5106,0.8901,11.3360,0.9142,12.5500,0.8584
42,5.7628,0.7825,5.9109,0.6255,7.5731,0.7258,7.4351,0.6105,6.9605,0.4954,7.6739,0.5012,8.8020,0.9116,9.9437,0.9048,10.5008,0.8896,11.3269,0.9177,12.5449,0.8602
43,5.7407,0.7806,5.8935,0.6198,7.5618,0.7272,7.4210,0.6098,6.9627,0.4974,7.6723,0.5020,8.7937,0.9126,9.9319,0.9045,10.4910,0.8890,11.3178,0.9212,12.5399,0.8620
44,5.7186,0.7787,5.8761,0.6141,7.5505,0.7287,7.4069,0.6091,6.9650,0.4993,7.6707,0.5028,8.7854,0.9135,9.9202,0.9043,10.4812,0.8885,11.3086,0.9247,12.5349,0.8639
45,5.6964,0.7767,5.8587,0.6084,7.5393,0.7301,7.3929,0.6084,6.9673,0.5013,7.6690,0.5035,8.7772,0.9144,9.9085,0.9040,10.4713,0.8879,11.2995,0.9282,12.5298,0.8657
46,5.6924,0.7843,5.8617,0.6103,7.5330,0.7317,7.3943,0.6109,6.9982,0.5039,7.6820,0.5041,8.7951,0.9157,9.9103,0.9052,10.4702,0.8896,11.2920,0.9294,12.5256,0.8695
47,5.6883,0.7919,5.8648,0.6122,7.5267,0.7334,7.3958,0.6133,7.0292,0.5065,7.6950,0.5046,8.8129,0.9169,9.9120,0.9064,10.4691,0.8914,11.2845,0.9306,12.5214,0.8732
48,5.6843,0.7995,5.8678,0.6141,7.5204,0.7350,7.3973,0.6158,7.0601,0.5091,7.7080,0.5051,8.8308,0.9182,9.9138,0.9076,10.4679,0.8931,11.2770,0.9319,12.5172,0.8770
49,5.6803,0.8071,5.8708,0.6160,7.5141,0.7366,7.3987,0.6182,7.0910,0.5117,7.7210,0.5057,8.8487,0.9195,9.9156,0.9088,10.4668,0.8948,11.2695,0.9331,12.5130,0.8808
50,5.6762,0.8147,5.8739,0.6179,7.5079,0.7382,7.4002,0.6207,7.1219,0.5143,7.7340,0.5062,8.8665,0.9208,9.9173,0.9100,10.4657,0.8965,11.2620,0.9344,12.5088,0.8846
51,5.6722,0.8223,5.8769,0.6198,7.5016,0.7398,7.4017,0.6231,7.1529,0.5169,7.7470,0.5067,8.8844,0.9220,9.9191,0.9112,10.4645,0.8982,11.2545,0.9356,12.5046,0.8884
52,5.6681,0.8299,5.8799,0.6217,7.4953,0.7414,7.4031,0.6256,7.1838,0.5195,7.7600,0.5073,8.9023,0.9233,9.9209,0.9124,10.4634,0.8999,11.2470,0.9368,12.5003,0.8921
53,5.6641,0.8375,5.8830,0.6236,7.4890,0.7430,7.4046,0.6280,7.2147,0.5222,7.7730,0.5078,8.9201,0.9246,9.9226,0.9136,10.4622,0.9016,11.2395,0.9381,12.4961,0.8959
54,5.6601,0.8450,5.8860,0.6255,7.4827,0.7446,7.4061,0.6305,7.2456,0.5248,7.7859,0.5084,8.9380,0.9259,9.9244,0.9148,10.4611,0.9033,11.2319,0.9393,12.4919,0.8997
55,5.6560,0.8526,5.8890,0.6274,7.4764,0.7462,7.4076,0.6330,7.2765,0.5274,7.7989,0.5089,8.9559,0.9272,9.9262,0.9160,10.4600,0.9050,11.2244,0.9406,12.4877,0.9035
56,5.6520,0.8602,5.8920,0.6293,7.4702,0.7478,7.4090,0.6354,7.3075,0.5300,7.8119,0.5094,8.9737,0.9284,9.9279,0.9172,10.4588,0.9067,11.2169,0.9418,12.4835,0.9073
57,5.6479,0.8678,5.8951,0.6312,7.4639,0.7494,7.4105,0.6379,7.3384,0.5326,7.8249,0.5100,8.9916,0.9297,9.9297,0.9184,10.4577,0.9085,11.2094,0.9430,12.4793,0.9111
58,5.6439,0.8754,5.8981,0.6331,7.4576,0.7510,7.4120,0.6403,7.3693,0.5352,7.8379,0.5105,9.0095,0.9310,9.9315,0.9196,10.4566,0.9102,11.2019,0.9443,12.4751,0.9148
59,5.6399,0.8830,5.9011,0.6350,7.4513,0.7526,7.4134,0.6428,7.4002,0.5378,7.8509,0.5110,9.0273,0.9323,9.9332,0.9208,10.4554,0.9119,11.1944,0.9455,12.4708,0.9186
60,5.6358,0.8906,5.9042,0.6369,7.4450,0.7543,7.4149,0.6452,7.4312,0.5404,7.8639,0.5116,9.0452,0.9335,9.9350,0.9220,10.4543,0.9136,11.1869,0.9468,12.4666,0.9224
61,5.6318,0.8982,5.9072,0.6388,7.4388,0.7559,7.4164,0.6477,7.4621,0.5430,7.8769,0.5121,9.0631,0.9348,9.9368,0.9232,10.4531,0.9153,11.1794,0.9480,12.4624,0.9262
62,5.6277,0.9058,5.9102,0.6407,7.4325,0.7575,7.4178,0.6501,7.4930,0.5457,7.8899,0.5126,9.0809,0.9361,9.9386,0.9244,10.4520,0.9170,11.1719,0.9493,12.4582,0.9300
63,5.6237,0.9133,5.9133,0.6426,7.4262,0.7591,7.4193,0.6526,7.5239,0.5483,7.9028,0.5132,9.0988,0.9374,9.9403,0.9257,10.4509,0.9187,11.1643,0.9505,12.4540,0.9337
64,5.6197,0.9209,5.9163,0.6445,7.4199,0.7607,7.4208,0.6550,7.5548,0.5509,7.9158,0.5137,9.1167,0.9386,9.9421,0.9269,10.4497,0.9204,11.1568,0.9517,12.4498,0.9375
65,5.6156,0.9285,5.9193,0.6464,7.4136,0.7623,7.4223,0.6575,7.5858,0.5535,7.9288,0.5143,9.1345,0.9399,9.9439,0.9281,10.4486,0.9221,11.1493,0.9530,12.4456,0.9413
66,5.6116,0.9361,5.9224,0.6482,7.4073,0.7639,7.4237,0.6600,7.6167,0.5561,7.9418,0.5148,9.1524,0.9412,9.9456,0.9293,10.4475,0.9238,11.1418,0.9542,12.4413,0.9451
67,5.6075,0.9437,5.9254,0.6501,7.4011,0.7655,7.4252,0.6624,7.6476,0.5587,7.9548,0.5153,9.1703,0.9425,9.9474,0.9305,10.4463,0.9256,11.1343,0.9555,12.4371,0.9489
68,5.6035,0.9513,5.9284,0.6520,7.3948,0.7671,7.4267,0.6649,7.6785,0.5613,7.9678,0.5159,9.1881,0.9438,9.9492,0.9317,10.4452,0.9273,11.1268,0.9567,12.4329,0.9526
69,5.5995,0.9589,5.9314,0.6539,7.3885,0.7687,7.4281,0.6673,7.7095,0.5639,7.9808,0.5164,9.2060,0.9450,9.9509,0.9329,10.4440,0.9290,11.1193,0.9579,12.4287,0.9564
70,5.5954,0.9665,5.9345,0.6558,7.3822,0.7703,7.4296,0.6698,7.7404,0.5666,7.9938,0.5169,9.2239,0.9463,9.9527,0.9341,10.4429,0.9307,11.1118,0.9592,12.4245,0.9602
71,5.5914,0.9741,5.9375,0.6577,7.3759,0.7719,7.4311,0.6722,7.7713,0.5692,8.0068,0.5175,9.2417,0.9476,9.9545,0.9353,10.4418,0.9324,11.1043,0.9604,12.4203,0.9640
72,5.5873,0.9816,5.9405,0.6596,7.3697,0.7735,7.4325,0.6747,7.8022,0.5718,8.0197,0.5180,9.2596,0.9489,9.9562,0.9365,10.4406,0.9341,11.0968,0.9617,12.4161,0.9678
73,5.5833,0.9892,5.9436,0.6615,7.3634,0.7752,7.4340,0.6771,7.8331,0.5744,8.0327,0.5185,9.2775,0.9501,9.9580,0.9377,10.4395,0.9358,11.0892,0.9629,12.4118,0.9715
74,5.5793,0.9968,5.9466,0.6634,7.3571,0.7768,7.4355,0.6796,7.8641,0.5770,8.0457,0.5191,9.2953,0.9514,9.9598,0.9389,10.4384,0.9375,11.0817,0.9641,12.4076,0.9753
75,5.6035,0.9913,5.9794,0.6688,7.3678,0.7787,7.4645,0.6850,7.9300,0.5834,8.0804,0.5213,9.3351,0.9469,9.9791,0.9334,10.4399,0.9362,11.0749,0.9594,12.3954,0.9711
76,5.6277,0.9859,6.0123,0.6741,7.3786,0.7807,7.4935,0.6904,7.9960,0.5899,8.1152,0.5236,9.3749,0.9423,9.9984,0.9279,10.4414,0.9349,11.0680,0.9547,12.3832,0.9670
77,5.6520,0.9804,6.0451,0.6794,7.3893,0.7826,7.5225,0.6957,8.0619,0.5963,8.1499,0.5258,9.4147,0.9378,10.0178,0.9224,10.4430,0.9335,11.0611,0.9500,12.3709,0.9628
78,5.6762,0.9749,6.0779,0.6847,7.4000,0.7846,7.5515,0.7011,8.1279,0.6028,8.1846,0.5281,9.4545,0.9332,10.0371,0.9169,10.4445,0.9322,11.0542,0.9453,12.3587,0.9586
79,5.7004,0.9694,6.1108,0.6901,7.4107,0.7865,7.5805,0.7065,8.1939,0.6092,8.2193,0.5303,9.4943,0.9287,10.0564,0.9114,10.4460,0.9308,11.0473,0.9406,12.3465,0.9544
80,5.7247,0.9640,6.1436,0.6954,7.4215,0.7885,7.6094,0.7119,8.2598,0.6156,8.2540,0.5326,9.5341,0.9241,10.0757,0.9059,10.4476,0.9295,11.0404,0.9359,12.3343,0.9503
81,5.7489,0.9585,6.1764,0.7007,7.4322,0.7904,7.6384,0.7173,8.3258,0.6221,8.2887,0.5348,9.5739,0.9196,10.0951,0.9003,10.4491,0.9282,11.0336,0.9311,12.3220,0.9461
82,5.7731,0.9530,6.2093,0.7061,7.4429,0.7924,7.6674,0.7227,8.3918,0.6285,8.3234,0.5371,9.6137,0.9150,10.1144,0.8948,10.4507,0.9268,11.0267,0.9264,12.3098,0.9419
83,5.7973,0.9475,6.2421,0.7114,7.4536,0.7943,7.6964,0.7280,8.4577,0.6350,8.3581,0.5393,9.6535,0.9105,10.1337,0.8893,10.4522,0.9255,11.0198,0.9217,12.2976,0.9377
84,5.8216,0.9421,6.2749,0.7167,7.4644,0.7963,7.7254,0.7334,8.5237,0.6414,8.3928,0.5416,9.6933,0.9059,10.1530,0.8838,10.4537,0.9242,11.0129,0.9170,12.2853,0.9335
85,5.8458,0.9366,6.3078,0.7220,7.4751,0.7982,7.7544,0.7388,8.5897,0.6478,8.4276,0.5438,9.7330,0.9013,10.1724,0.8783,10.4553,0.9228,11.0060,0.9123,12.2731,0.9294
86,5.8700,0.9311,6.3406,0.7274,7.4858,0.8002,7.7834,0.7442,8.6556,0.6543,8.4623,0.5461,9.7728,0.8968,10.1917,0.8728,10.4568,0.9215,10.9992,0.9076,12.2609,0.9252
87,5.8943,0.9256,6.3734,0.7327,7.4965,0.8021,7.8124,0.7496,8.7216,0.6607,8.4970,0.5483,9.8126,0.8922,10.2110,0.8673,10.4583,0.9202,10.9923,0.9029,12.2487,0.9210
88,5.9185,0.9202,6.4063,0.7380,7.5073,0.8041,7.8414,0.7550,8.7875,0.6672,8.5317,0.5506,9.8524,0.8877,10.2303,0.8618,10.4599,0.9188,10.9854,0.8982,12.2364,0.9168
89,5.9427,0.9147,6.4391,0.7434,7.5180,0.8060,7.8704,0.7603,8.8535,0.6736,8.5664,0.5528,9.8922,0.8831,10.2497,0.8563,10.4614,0.9175,10.9785,0.8934,12.2242,0.9126
90,5.9670,0.9092,6.4719,0.7487,7.5287,0.8080,7.8994,0.7657,8.9195,0.6801,8.6011,0.5550,9.9320,0.8786,10.2690,0.8508,10.4630,0.9161,10.9716,0.8887,12.2120,0.9085
91,5.9912,0.9037,6.5048,0.7540,7.5395,0.8099,7.9284,0.7711,8.9854,0.6865,8.6358,0.5573,9.9718,0.8740,10.2883,0.8453,10.4645,0.9148,10.9648,0.8840,12.1997,0.9043
92,6.0154,0.8983,6.5376,0.7593,7.5502,0.8118,7.9574,0.7765,9.0514,0.6929,8.6705,0.5595,10.0116,0.8695,10.3077,0.8398,10.4660,0.9135,10.9579,0.8793,12.1875,0.9001
93,6.0397,0.8928,6.5704,0.7647,7.5609,0.8138,7.9864,0.7819,9.1174,0.6994,8.7053,0.5618,10.0514,0.8649,10.3270,0.8343,10.4676,0.9121,10.9510,0.8746,12.1753,0.8959
94,6.0639,0.8873,6.6033,0.7700,7.5716,0.8157,8.0154,0.7873,9.1833,0.7058,8.7400,0.5640,10.0912,0.8604,10.3463,0.8287,10.4691,0.9108,10.9441,0.8699,12.1631,0.8918
95,6.0881,0.8818,6.6361,0.7753,7.5824,0.8177,8.0444,0.7927,9.2493,0.7123,8.7747,0.5663,10.1310,0.8558,10.3656,0.8232,10.4707,0.9095,10.9372,0.8652,12.1508,0.8876
96,6.1124,0.8763,6.6689,0.7806,7.5931,0.8196,8.0733,0.7980,9.3152,0.7187,8.8094,0.5685,10.1708,0.8513,10.3850,0.8177,10.4722,0.9081,10.9304,0.8604,12.1386,0.8834
97,6.1366,0.8709,6.7018,0.7860,7.6038,0.8216,8.1023,0.8034,9.3812,0.7251,8.8441,0.5708,10.2106,0.8467,10.4043,0.8122,10.4737,0.9068,10.9235,0.8557,12.1264,0.8792
98,6.1608,0.8654,6.7346,0.7913,7.6145,0.8235,8.1313,0.8088,9.4472,0.7316,8.8788,0.5730,10.2504,0.8422,10.4236,0.8067,10.4753,0.9055,10.9166,0.8510,12.1141,0.8750
99,6.1851,0.8599,6.7674,0.7966,7.6253,0.8255,8.1603,0.8142,9.5131,0.7380,8.9135,0.5753,10.2901,0.8376,10.4429,0.8012,10.4768,0.9041,10.9097,0.8463,12.1019,0.8709
100,6.2093,0.8544,6.8003,0.8020,7.6360,0.8274,8.1893,0.8196,9.5791,0.7445,8.9482,0.5775,10.3299,0.8331,10.4623,0.7957,10.4783,0.9028,10.9028,0.8416,12.0897,0.8667
101,6.2335,0.8490,6.8331,0.8073,7.6467,0.8294,8.2183,0.8250,9.6451,0.7509,8.9830,0.5798,10.3697,0.8285,10.4816,0.7902,10.4799,0.9014,10.8960,0.8369,12.0775,0.8625
102,6.2577,0.8435,6.8659,0.8126,7.6574,0.8313,8.2473,0.8303,9.7110,0.7573,9.0177,0.5820,10.4095,0.8240,10.5009,0.7847,10.4814,0.9001,10.8891,0.8322,12.0652,0.8583
103,6.2820,0.8380,6.8988,0.8179,7.6682,0.8333,8.2763,0.8357,9.7770,0.7638,9.0524,0.5843,10.4493,0.8194,10.5202,0.7792,10.4830,0.8988,10.8822,0.8275,12.0530,0.8541
104,6.3062,0.8325,6.9316,0.8233,7.6789,0.8352,8.3053,0.8411,9.8430,0.7702,9.0871,0.5865,10.4891,0.8149,10.5396,0.7737,10.4845,0.8974,10.8753,0.8227,12.0408,0.8500
105,6.3304,0.8271,6.9644,0.8286,7.6896,0.8372,8.3343,0.8465,9.9089,0.7767,9.1218,0.5888,10.5289,0.8103,10.5589,0.7682,10.4860,0.8961,10.8684,0.8180,12.0285,0.8458
106,6.3938,0.8284,7.0423,0.8387,7.7333,0.8366,8.3939,0.8486,10.0187,0.7836,9.1747,0.5891,10.5840,0.8133,10.6008,0.7714,10.4867,0.9027,10.8693,0.8184,12.0287,0.8471
107,6.4572,0.8298,7.1201,0.8488,7.7770,0.8361,8.4535,0.8506,10.1284,0.7906,9.2276,0.5895,10.6390,0.8163,10.6426,0.7746,10.4874,0.9094,10.8701,0.8187,12.0288,0.8484
108,6.5206,0.8312,7.1980,0.8589,7.8207,0.8355,8.5130,0.8527,10.2382,0.7976,9.2806,0.5899,10.6941,0.8192,10.6844,0.7779,10.4882,0.9161,10.8709,0.8190,12.0289,0.8497
109,6.5840,0.8326,7.2758,0.8690,7.8644,0.8349,8.5726,0.8548,10.3479,0.8045,9.3335,0.5903,10.7491,0.8222,10.7263,0.7811,10.4889,0.9227,10.8718,0.8194,12.0291,0.8510
110,6.6474,0.8340,7.3537,0.8790,7.9081,0.8344,8.6322,0.8569,10.4577,0.8115,9.3864,0.5907,10.8042,0.8252,10.7681,0.7844,10.4896,0.9294,10.8726,0.8197,12.0292,0.8523
111,6.7109,0.8354,7.4315,0.8891,7.9517,0.8338,8.6918,0.8590,10.5674,0.8185,9.4393,0.5911,10.8592,0.8282,10.8100,0.7876,10.4903,0.9360,10.8734,0.8200,12.0293,0.8536
112,6.7743,0.8368,7.5094,0.8992,7.9954,0.8332,8.7514,0.8610,10.6772,0.8254,9.4922,0.5915,10.9143,0.8311,10.8518,0.7909,10.4910,0.9427,10.8743,0.8204,12.0294,0.8549
113,6.8377,0.8381,7.5872,0.9093,8.0391,0.8327,8.8109,0.8631,10.7870,0.8324,9.5452,0.5919,10.9693,0.8341,10.8937,0.7941,10.4917,0.9493,10.8751,0.8207,12.0296,0.8562
114,6.9011,0.8395,7.6651,0.9194,8.0828,0.8321,8.8705,0.8652,10.8967,0.8394,9.5981,0.5922,11.0244,0.8371,10.9355,0.7973,10.4924,0.9560,10.8759,0.8210,12.0297,0.8575
115,6.9645,0.8409,7.7429,0.9295,8.1265,0.8316,8.9301,0.8673,11.0065,0.8463,9.6510,0.5926,11.0794,0.8400,10.9774,0.8006,10.4931,0.9626,10.8768,0.8214,12.0298,0.8588
116,7.0279,0.8423,7.8208,0.9396,8.1702,0.8310,8.9897,0.8693,11.1162,0.8533,9.7039,0.5930,11.1345,0.8430,11.0192,0.8038,10.4938,0.9693,10.8776,0.8217,12.0300,0.8601
117,7.0913,0.8437,7.8986,0.9497,8.2139,0.8304,9.0493,0.8714,11.2260,0.8602,9.7569,0.5934,11.1895,0.8460,11.0611,0.8071,10.4945,0.9759,10.8784,0.8220,12.0301,0.8614
118,7.1547,0.8451,7.9765,0.9597,8.2575,0.8299,9.1088,0.8735,11.3357,0.8672,9.8098,0.5938,11.2446,0.8489,11.1029,0.8103,10.4952,0.9826,10.8793,0.8224,12.0302,0.8627
119,7.2181,0.8465,8.0543,0.9698,8.3012,0.8293,9.1684,0.8756,11.4455,0.8742,9.8627,0.5942,11.2996,0.8519,11.1448,0.8136,10.4959,0.9892,10.8801,0.8227,12.0303,0.8640
120,7.2815,0.8478,8.1322,0.9799,8.3449,0.8287,9.2280,0.8777,11.5552,0.8811,9.9156,0.5946,11.3547,0.8549,11.1866,0.8168,10.4967,0.9959,10.8809,0.8230,12.0305,0.8653
121,7.3449,0.8492,8.2100,0.9900,8.3886,0.8282,9.2876,0.8797,11.6650,0.8881,9.9685,0.5950,11.4097,0.8579,11.2285,0.8200,10.4974,1.0025,10.8818,0.8234,12.0306,0.8666
122,7.4083,0.8506,8.2879,1.0001,8.4323,0.8276,9.3472,0.8818,11.7748,0.8951,10.0215,0.5953,11.4648,0.8608,11.2703,0.8233,10.4981,1.0092,10.8826,0.8237,12.0307,0.8679
123,7.4717,0.8520,8.3657,1.0102,8.4760,0.8271,9.4067,0.8839,11.8845,0.9020,10.0744,0.5957,11.5198,0.8638,11.3122,0.8265,10.4988,1.0158,10.8834,0.8241,12.0309,0.8692
124,7.5351,0.8534,8.4436,1.0203,8.5196,0.8265,9.4663,0.8860,11.9943,0.9090,10.1273,0.5961,11.5749,0.8668,11.3540,0.8298,10.4995,1.0225,10.8843,0.8244,12.0310,0.8706
125,7.5985,0.8548,8.5214,1.0304,8.5633,0.8259,9.5259,0.8880,12.1040,0.9160,10.1802,0.5965,11.6299,0.8697,11.3959,0.8330,10.5002,1.0291,10.8851,0.8247,12.0311,0.8719
126,7.6619,0.8562,8.5992,1.0404,8.6070,0.8254,9.5855,0.8901,12.2138,0.9229,10.2331,0.5969,11.6850,0.8727,11.4377,0.8363,10.5009,1.0358,10.8859,0.8251,12.0312,0.8732
127,7.7253,0.8575,8.6771,1.0505,8.6507,0.8248,9.6451,0.8922,12.3235,0.9299,10.2861,0.5973,11.7400,0.8757,11.4795,0.8395,10.5016,1.0424,10.8868,0.8254,12.0314,0.8745
128,7.7887,0.8589,8.7549,1.0606,8.6944,0.8242,9.7047,0.8943,12.4333,0.9369,10.3390,0.5977,11.7951,0.8787,11.5214,0.8427,10.5023,1.0491,10.8876,0.8257,12.0315,0.8758
129,7.8521,0.8603,8.8328,1.0707,8.7381,0.8237,9.7642,0.8964,12.5430,0.9438,10.3919,0.5980,11.8501,0.8816,11.5632,0.8460,10.5030,1.0557,10.8884,0.8261,12.0316,0.8771
130,7.9155,0.8617,8.9106,1.0808,8.7818,0.8231,9.8238,0.8984,12.6528,0.9508,10.4448,0.5984,11.9052,0.8846,11.6051,0.8492,10.5037,1.0624,10.8893,0.8264,12.0318,0.8784
131,7.9789,0.8631,8.9885,1.0909,8.8254,0.8226,9.8834,0.9005,12.7626,0.9578,10.4977,0.5988,11.9602,0.8876,11.6469,0.8525,10.5045,1.0690,10.8901,0.8267,12.0319,0.8797
132,8.0423,0.8645,9.0663,1.1010,8.8691,0.8220,9.9430,0.9026,12.8723,0.9647,10.5507,0.5992,12.0153,0.8905,11.6888,0.8557,10.5052,1.0757,10.8910,0.8271,12.0320,0.8810
133,8.1057,0.8659,9.1442,1.1111,8.9128,0.8214,10.0026,0.9047,12.9821,0.9717,10.6036,0.5996,12.0703,0.8935,11.7306,0.8590,10.5059,1.0823,10.8918,0.8274,12.0321,0.8823
134,8.1691,0.8672,9.2220,1.1211,8.9565,0.8209,10.0621,0.9067,13.0918,0.9787,10.6565,0.6000,12.1254,0.8965,11.7725,0.8622,10.5066,1.0890,10.8926,0.8277,12.0323,0.8836
135,8.2325,0.8686,9.2999,1.1312,9.0002,0.8203,10.1217,0.9088,13.2016,0.9856,10.7094,0.6004,12.1804,0.8994,11.8143,0.8654,10.5073,1.0956,10.8935,0.8281,12.0324,0.8849
136,8.3076,0.8650,9.3876,1.1243,9.0656,0.8181,10.1815,0.9036,13.2795,0.9798,10.7538,0.6017,12.2217,0.9004,11.8528,0.8753,10.5131,1.0880,10.9008,0.8230,12.0545,0.8819
137,8.3826,0.8613,9.4753,1.1174,9.1310,0.8159,10.2412,0.8984,13.3574,0.9740,10.7982,0.6030,12.2629,0.9013,11.8912,0.8851,10.5190,1.0804,10.9082,0.8179,12.0767,0.8789
138,8.4577,0.8577,9.5630,1.1104,9.1965,0.8137,10.3010,0.8932,13.4354,0.9682,10.8426,0.6043,12.3041,0.9022,11.9297,0.8949,10.5248,1.0728,10.9156,0.8128,12.0988,0.8760
139,8.5328,0.8541,9.6507,1.1035,9.2619,0.8116,10.3607,0.8879,13.5133,0.9624,10.8870,0.6056,12.3453,0.9032,11.9681,0.9047,10.5307,1.0651,10.9230,0.8078,12.1210,0.8730
140,8.6079,0.8504,9.7384,1.0965,9.3273,0.8094,10.4205,0.8827,13.5912,0.9566,10.9313,0.6070,12.3866,0.9041,12.0066,0.9145,10.5366,1.0575,10.9304,0.8027,12.1431,0.8700
141,8.6830,0.8468,9.8261,1.0896,9.3927,0.8072,10.4803,0.8775,13.6692,0.9508,10.9757,0.6083,12.4278,0.9050,12.0450,0.9243,10.5424,1.0499,10.9378,0.7976,12.1652,0.8670
142,8.7581,0.8432,9.9137,1.0827,9.4581,0.8050,10.5400,0.8723,13.7471,0.9449,11.0201,0.6096,12.4690,0.9060,12.0835,0.9341,10.5483,1.0422,10.9452,0.7925,12.1874,0.8640
143,8.8331,0.8395,10.0014,1.0757,9.5236,0.8028,10.5998,0.8671,13.8250,0.9391,11.0645,0.6109,12.5103,0.9069,12.1219,0.9439,10.5541,1.0346,10.9526,0.7875,12.2095,0.8611
144,8.9082,0.8359,10.0891,1.0688,9.5890,0.8006,10.6595,0.8619,13.9030,0.9333,11.1089,0.6122,12.5515,0.9079,12.1604,0.9537,10.5600,1.0270,10.9600,0.7824,12.2317,0.8581
145,8.9833,0.8322,10.1768,1.0619,9.6544,0.7984,10.7193,0.8566,13.9809,0.9275,11.1533,0.6135,12.5927,0.9088,12.1988,0.9635,10.5658,1.0194,10.9674,0.7773,12.2538,0.8551
146,9.0584,0.8286,10.2645,1.0549,9.7198,0.7962,10.7790,0.8514,14.0589,0.9217,11.1976,0.6149,12.6340,0.9097,12.2373,0.9733,10.5717,1.0117,10.9748,0.7722,12.2759,0.8521
147,9.1335,0.8250,10.3522,1.0480,9.7852,0.7941,10.8388,0.8462,14.1368,0.9159,11.2420,0.6162,12.6752,0.9107,12.2757,0.9831,10.5775,1.0041,10.9822,0.7671,12.2981,0.8492
148,9.2086,0.8213,10.4399,1.0410,9.8507,0.7919,10.8986,0.8410,14.2147,0.9101,11.2864,0.6175,12.7164,0.9116,12.3141,0.9929,10.5834,0.9965,10.9896,0.7621,12.3202,0.8462
149,9.2836,0.8177,10.5276,1.0341,9.9161,0.7897,10.9583,0.8358,14.2927,0.9043,11.3308,0.6188,12.7576,0.9125,12.3526,1.0027,10.5892,0.9889,10.9969,0.7570,12.3423,0.8432
150,9.3587,0.8141,10.6153,1.0272,9.9815,0.7875,11.0181,0.8305,14.3706,0.8985,11.3752,0.6201,12.7989,0.9135,12.3910,1.0125,10.5951,0.9812,11.0043,0.7519,12.3645,0.8402
151,9.4338,0.8104,10.7030,1.0202,10.0469,0.7853,11.0778,0.8253,14.4485,0.8926,11.4196,0.6215,12.8401,0.9144,12.4295,1.0223,10.6010,0.9736,11.0117,0.7468,12.3866,0.8373
152,9.5089,0.8068,10.7907,1.0133,10.1123,0.7831,11.1376,0.8201,14.5265,0.8868,11.4639,0.6228,12.8813,0.9153,12.4679,1.0322,10.6068,0.9660,11.0191,0.7418,12.4088,0.8343
153,9.5840,0.8031,10.8784,1.0064,10.1778,0.7809,11.1974,0.8149,14.6044,0.8810,11.5083,0.6241,12.9226,0.9163,12.5064,1.0420,10.6127,0.9583,11.0265,0.7367,12.4309,0.8313
154,9.6590,0.7995,10.9661,0.9994,10.2432,0.7787,11.2571,0.8097,14.6823,0.8752,11.5527,0.6254,12.9638,0.9172,12.5448,1.0518,10.6185,0.9507,11.0339,0.7316,12.4530,0.8283
155,9.7341,0.7959,11.0538,0.9925,10.3086,0.7766,11.3169,0.8044,14.7603,0.8694,11.5971,0.6267,13.0050,0.9181,12.5833,1.0616,10.6244,0.9431,11.0413,0.7265,12.4752,0.8253
156,9.8092,0.7922,11.1414,0.9856,10.3740,0.7744,11.3766,0.7992,14.8382,0.8636,11.6415,0.6280,13.0462,0.9191,12.6217,1.0714,10.6302,0.9355,11.0487,0.7215,12.4973,0.8224
157,9.8843,0.7886,11.2291,0.9786,10.4394,0.7722,11.4364,0.7940,14.9161,0.8578,11.6859,0.6294,13.0875,0.9200,12.6602,1.0812,10.6361,0.9278,11.0561,0.7164,12.5194,0.8194
158,9.9594,0.7849,11.3168,0.9717,10.5049,0.7700,11.4961,0.7888,14.9941,0.8520,11.7302,0.6307,13.1287,0.9209,12.6986,1.0910,10.6419,0.9202,11.0635,0.7113,12.5416,0.8164
159,10.0345,0.7813,11.4045,0.9647,10.5703,0.7678,11.5559,0.7836,15.0720,0.8461,11.7746,0.6320,13.1699,0.9219,12.7371,1.1008,10.6478,0.9126,11.0709,0.7062,12.5637,0.8134
160,10.1095,0.7777,11.4922,0.9578,10.6357,0.7656,11.6157,0.7783,15.1499,0.8403,11.8190,0.6333,13.2112,0.9228,12.7755,1.1106,10.6536,0.9050,11.0783,0.7012,12.5859,0.8105
161,10.1846,0.7740,11.5799,0.9509,10.7011,0.7634,11.6754,0.7731,15.2279,0.8345,11.8634,0.6346,13.2524,0.9237,12.8140,1.1204,10.6595,0.8973,11.0857,0.6961,12.6080,0.8075
162,10.2597,0.7704,11.6676,0.9439,10.7666,0.7612,11.7352,0.7679,15.3058,0.8287,11.9078,0.6360,13.2936,0.9247,12.8524,1.1302,10.6654,0.8897,11.0930,0.6910,12.6301,0.8045
163,10.3348,0.7668,11.7553,0.9370,10.8320,0.7591,11.7949,0.7627,15.3837,0.8229,11.9522,0.6373,13.3349,0.9256,12.8909,1.1400,10.6712,0.8821,11.1004,0.6859,12.6523,0.8015
164,10.4099,0.7631,11.8430,0.9301,10.8974,0.7569,11.8547,0.7575,15.4617,0.8171,11.9965,0.6386,13.3761,0.9265,12.9293,1.1498,10.6771,0.8744,11.1078,0.6808,12.6744,0.7986
165,10.4850,0.7595,11.9307,0.9231,10.9628,0.7547,11.9144,0.7522,15.5396,0.8113,12.0409,0.6399,13.4173,0.9275,12.9678,1.1596,10.6829,0.8668,11.1152,0.6758,12.6966,0.7956
166,10.5600,0.7558,12.0184,0.9162,11.0282,0.7525,11.9742,0.7470,15.6175,0.8055,12.0853,0.6412,13.4585,0.9284,13.0062,1.1694,10.6888,0.8592,11.1226,0.6707,12.7187,0.7926
167,10.6303,0.7580,12.0863,0.9195,11.0984,0.7564,12.0336,0.7487,15.6930,0.8053,12.1280,0.6383,13.4694,0.9396,13.0019,1.1824,10.7170,0.8581,11.1527,0.6782,12.7544,0.7923
168,10.7005,0.7601,12.1542,0.9229,11.1686,0.7603,12.0930,0.7504,15.7685,0.8051,12.1706,0.6354,13.4802,0.9508,12.9976,1.1954,10.7453,0.8570,11.1827,0.6857,12.7900,0.7920
169,10.7708,0.7622,12.2221,0.9263,11.2387,0.7642,12.1523,0.7520,15.8439,0.8049,12.2133,0.6325,13.4910,0.9621,12.9933,1.2085,10.7736,0.8559,11.2128,0.6932,12.8257,0.7917
170,10.8411,0.7643,12.2900,0.9296,11.3089,0.7680,12.2117,0.7537,15.9194,0.8047,12.2559,0.6297,13.5019,0.9733,12.9890,1.2215,10.8019,0.8547,11.2428,0.7007,12.8614,0.7914
171,10.9113,0.7665,12.3578,0.9330,11.3791,0.7719,12.2711,0.7554,15.9948,0.8045,12.2986,0.6268,13.5127,0.9845,12.9847,1.2345,10.8301,0.8536,11.2728,0.7082,12.8970,0.7911
172,10.9816,0.7686,12.4257,0.9363,11.4492,0.7758,12.3305,0.7570,16.0703,0.8043,12.3413,0.6239,13.5235,0.9957,12.9804,1.2475,10.8584,0.8525,11.3029,0.7157,12.9327,0.7908
173,11.0518,0.7707,12.4936,0.9397,11.5194,0.7797,12.3899,0.7587,16.1458,0.8041,12.3839,0.6210,13.5343,1.0070,12.9761,1.2605,10.8867,0.8514,11.3329,0.7232,12.9684,0.7905
174,11.1221,0.7729,12.5615,0.9431,11.5895,0.7836,12.4492,0.7603,16.2212,0.8039,12.4266,0.6181,13.5452,1.0182,12.9718,1.2735,10.9150,0.8503,11.3630,0.7306,13.0040,0.7901
175,11.1923,0.7750,12.6294,0.9464,11.6597,0.7875,12.5086,0.7620,16.2967,0.8037,12.4692,0.6152,13.5560,1.0294,12.9675,1.2865,10.9432,0.8492,11.3930,0.7381,13.0397,0.7898
176,11.2626,0.7771,12.6973,0.9498,11.7299,0.7914,12.5680,0.7637,16.3721,0.8035,12.5119,0.6123,13.5668,1.0406,12.9632,1.2995,10.9715,0.8481,11.4231,0.7456,13.0754,0.7895
177,11.3328,0.7792,12.7652,0.9531,11.8000,0.7953,12.6274,0.7653,16.4476,0.8033,12.5546,0.6094,13.5777,1.0519,12.9589,1.3125,10.9998,0.8470,11.4531,0.7531,13.1110,0.7892
178,11.4031,0.7814,12.8331,0.9565,11.8702,0.7992,12.6868,0.7670,16.5231,0.8031,12.5972,0.6065,13.5885,1.0631,12.9546,1.3255,11.0280,0.8459,11.4832,0.7606,13.1467,0.7889
179,11.4733,0.7835,12.9010,0.9599,11.9404,0.8031,12.7461,0.7687,16.5985,0.8029,12.6399,0.6036,13.5993,1.0743,12.9503,1.3385,11.0563,0.8447,11.5132,0.7681,13.1824,0.7886
180,11.5436,0.7856,12.9689,0.9632,12.0105,0.8070,12.8055,0.7703,16.6740,0.8027,12.6826,0.6007,13.6102,1.0855,12.9460,1.3515,11.0846,0.8436,11.5433,0.7756,13.2180,0.7883
181,11.6138,0.7877,13.0368,0.9666,12.0807,0.8108,12.8649,0.7720,16.7494,0.8025,12.7252,0.5978,13.6210,1.0968,12.9417,1.3645,11.1129,0.8425,11.5733,0.7831,13.2537,0.7880
182,11.6841,0.7899,13.1047,0.9699,12.1509,0.8147,12.9243,0.7737,16.8249,0.8023,12.7679,0.5949,13.6318,1.1080,12.9374,1.3776,11.1411,0.8414,11.6034,0.7906,13.2894,0.7877
183,11.7544,0.7920,13.1726,0.9733,12.2210,0.8186,12.9837,0.7753,16.9004,0.8021,12.8105,0.5920,13.6426,1.1192,12.9331,1.3906,11.1694,0.8403,11.6334,0.7981,13.3250,0.7874
184,11.8246,0.7941,13.2405,0.9766,12.2912,0.8225,13.0430,0.7770,16.9758,0.8019,12.8532,0.5891,13.6535,1.1304,12.9288,1.4036,11.1977,0.8392,11.6635,0.8056,13.3607,0.7871
185,11.8949,0.7962,13.3084,0.9800,12.3614,0.8264,13.1024,0.7787,17.0513,0.8017,12.8959,0.5862,13.6643,1.1417,12.9245,1.4166,11.2260,0.8381,11.6935,0.8131,13.3964,0.7868
186,11.9651,0.7984,13.3763,0.9834,12.4315,0.8303,13.1618,0.7803,17.1267,0.8015,12.9385,0.5834,13.6751,1.1529,12.9202,1.4296,11.2542,0.8370,11.7235,0.8206,13.4320,0.7865
187,12.0354,0.8005,13.4442,0.9867,12.5017,0.8342,13.2212,0.7820,17.2022,0.8013,12.9812,0.5805,13.6860,1.1641,12.9159,1.4426,11.2825,0.8358,11.7536,0.8281,13.4677,0.7862
188,12.1056,0.8026,13.5120,0.9901,12.5718,0.8381,13.2806,0.7837,17.2777,0.8011,13.0238,0.5776,13.6968,1.1753,12.9116,1.4556,11.3108,0.8347,11.7836,0.8356,13.5034,0.7859
189,12.1759,0.8047,13.5799,0.9934,12.6420,0.8420,13.3399,0.7853,17.3531,0.8009,13.0665,0.5747,13.7076,1.1866,12.9073,1.4686,11.3390,0.8336,11.8137,0.8431,13.5390,0.7856
190,12.2461,0.8069,13.6478,0.9968,12.7122,0.8459,13.3993,0.7870,17.4286,0.8007,13.1092,0.5718,13.7184,1.1978,12.9030,1.4816,11.3673,0.8325,11.8437,0.8506,13.5747,0.7852
191,12.3164,0.8090,13.7157,1.0002,12.7823,0.8497,13.4587,0.7887,17.5040,0.8005,13.1518,0.5689,13.7293,1.2090,12.8987,1.4946,11.3956,0.8314,11.8738,0.8580,13.6104,0.7849
192,12.3866,0.8111,13.7836,1.0035,12.8525,0.8536,13.5181,0.7903,17.5795,0.8003,13.1945,0.5660,13.7401,1.2202,12.8944,1.5076,11.4239,0.8303,11.9038,0.8655,13.6460,0.7846
193,12.4569,0.8132,13.8515,1.0069,12.9227,0.8575,13.5775,0.7920,17.6550,0.8001,13.2371,0.5631,13.7509,1.2315,12.8901,1.5206,11.4521,0.8292,11.9339,0.8730,13.6817,0.7843
194,12.5271,0.8154,13.9194,1.0102,12.9928,0.8614,13.6368,0.7937,17.7304,0.7999,13.2798,0.5602,13.7618,1.2427,12.8858,1.5336,11.4804,0.8281,11.9639,0.8805,13.7174,0.7840
195,12.5974,0.8175,13.9873,1.0136,13.0630,0.8653,13.6962,0.7953,17.8059,0.7997,13.3225,0.5573,13.7726,1.2539,12.8815,1.5467,11.5087,0.8270,11.9940,0.8880,13.7530,0.7837
196,12.6676,0.8196,14.0552,1.0169,13.1332,0.8692,13.7556,0.7970,17.8813,0.7995,13.3651,0.5544,13.7834,1.2651,12.8772,1.5597,11.5369,0.8258,12.0240,0.8955,13.7887,0.7834
197,12.6909,0.8216,14.0700,1.0128,13.1699,0.8743,13.7731,0.7978,17.8833,0.8062,13.3761,0.5569,13.7905,1.2606,12.8751,1.5373,11.5622,0.8257,12.0524,0.8997,13.8166,0.7927
198,12.7142,0.8236,14.0848,1.0087,13.2066,0.8795,13.7906,0.7986,17.8853,0.8128,13.3872,0.5593,13.7975,1.2562,12.8730,1.5149,11.5875,0.8256,12.0808,0.9038,13.8444,0.8019
199,12.7374,0.8256,14.0996,1.0046,13.2434,0.8846,13.8081,0.7994,17.8872,0.8195,13.3982,0.5617,13.8045,1.2517,12.8709,1.4925,11.6127,0.8254,12.1092,0.9079,13.8723,0.8111
200,12.7607,0.8276,14.1144,1.0005,13.2801,0.8897,13.8256,0.8002,17.8892,0.8261,13.4092,0.5642,13.8116,1.2472,12.8688,1.4701,11.6380,0.8253,12.1376,0.9121,13.9002,0.8204
201,12.7839,0.8295,14.1291,0.9964,13.3169,0.8949,13.8431,0.8010,17.8911,0.8328,13.4202,0.5666,13.8186,1.2427,12.8667,1.4477,11.6632,0.8251,12.1660,0.9162,13.9280,0.8296
202,12.8072,0.8315,14.1439,0.9923,13.3536,0.9000,13.8606,0.8019,17.8931,0.8394,13.4312,0.5690,13.8256,1.2382,12.8646,1.4253,11.6885,0.8250,12.1944,0.9204,13.9559,0.8389
203,12.8304,0.8335,14.1587,0.9882,13.3904,0.9051,13.8781,0.8027,17.8951,0.8461,13.4422,0.5715,13.8327,1.2337,12.8625,1.4029,11.7137,0.8249,12.2228,0.9245,13.9838,0.8481
204,12.8537,0.8355,14.1735,0.9840,13.4271,0.9103,13.8956,0.8035,17.8970,0.8527,13.4533,0.5739,13.8397,1.2292,12.8604,1.3805,11.7390,0.8247,12.2512,0.9287,14.0116,0.8574
205,12.8769,0.8375,14.1883,0.9799,13.4638,0.9154,13.9131,0.8043,17.8990,0.8594,13.4643,0.5764,13.8467,1.2247,12.8583,1.3581,11.7642,0.8246,12.2796,0.9328,14.0395,0.8666
206,12.9002,0.8394,14.2031,0.9758,13.5006,0.9206,13.9307,0.8051,17.9009,0.8660,13.4753,0.5788,13.8538,1.2202,12.8562,1.3357,11.7895,0.8244,12.3080,0.9369,14.0674,0.8758
207,12.9235,0.8414,14.2179,0.9717,13.5373,0.9257,13.9482,0.8059,17.9029,0.8727,13.4863,0.5812,13.8608,1.2157,12.8541,1.3133,11.8148,0.8243,12.3364,0.9411,14.0952,0.8851
208,12.9467,0.8434,14.2327,0.9676,13.5741,0.9308,13.9657,0.8067,17.9049,0.8794,13.4973,0.5837,13.8678,1.2113,12.8520,1.2909,11.8400,0.8242,12.3648,0.9452,14.1231,0.8943
209,12.9700,0.8454,14.2475,0.9635,13.6108,0.9360,13.9832,0.8075,17.9068,0.8860,13.5083,0.5861,13.8749,1.2068,12.8499,1.2685,11.8653,0.8240,12.3932,0.9494,14.1510,0.9036
210,12.9932,0.8474,14.2623,0.9594,13.6475,0.9411,14.0007,0.8083,17.9088,0.8927,13.5193,0.5885,13.8819,1.2023,12.8478,1.2461,11.8905,0.8239,12.4216,0.9535,14.1788,0.9128
211,13.0165,0.8494,14.2770,0.9553,13.6843,0.9462,14.0182,0.8092,17.9107,0.8993,13.5304,0.5910,13.8889,1.1978,12.8457,1.2237,11.9158,0.8238,12.4500,0.9577,14.2067,0.9221
212,13.0397,0.8513,14.2918,0.9511,13.7210,0.9514,14.0357,0.8100,17.9127,0.9060,13.5414,0.5934,13.8960,1.1933,12.8436,1.2013,11.9410,0.8236,12.4784,0.9618,14.2346,0.9313
213,13.0630,0.8533,14.3066,0.9470,13.7578,0.9565,14.0532,0.8108,17.9147,0.9126,13.5524,0.5959,13.9030,1.1888,12.8415,1.1789,11.9663,0.8235,12.5068,0.9659,14.2624,0.9405
214,13.0863,0.8553,14.3214,0.9429,13.7945,0.9616,14.0707,0.8116,17.9166,0.9193,13.5634,0.5983,13.9101,1.1843,12.8394,1.1565,11.9915,0.8233,12.5352,0.9701,14.2903,0.9498
215,13.1095,0.8573,14.3362,0.9388,13.8313,0.9668,14.0882,0.8124,17.9186,0.9259,13.5744,0.6007,13.9171,1.1798,12.8373,1.1341,12.0168,0.8232,12.5636,0.9742,14.3182,0.9590
216,13.1328,0.8593,14.3510,0.9347,13.8680,0.9719,14.1057,0.8132,17.9205,0.9326,13.5854,0.6032,13.9241,1.1753,12.8352,1.1117,12.0421,0.8231,12.5920,0.9784,14.3460,0.9683
217,13.1560,0.8613,14.3658,0.9306,13.9047,0.9770,14.1232,0.8140,17.9225,0.9392,13.5965,0.6056,13.9312,1.1708,12.8330,1.0893,12.0673,0.8229,12.6204,0.9825,14.3739,0.9775
218,13.1793,0.8632,14.3806,0.9265,13.9415,0.9822,14.1407,0.8148,17.9244,0.9459,13.6075,0.6080,13.9382,1.1664,12.8309,1.0669,12.0926,0.8228,12.6488,0.9867,14.4018,0.9868
219,13.2025,0.8652,14.3954,0.9224,13.9782,0.9873,14.1582,0.8156,17.9264,0.9525,13.6185,0.6105,13.9452,1.1619,12.8288,1.0445,12.1178,0.8226,12.6772,0.9908,14.4297,0.9960
220,13.2258,0.8672,14.4101,0.9182,14.0150,0.9924,14.1757,0.8165,17.9284,0.9592,13.6295,0.6129,13.9523,1.1574,12.8267,1.0221,12.1431,0.8225,12.7056,0.9949,14.4575,1.0053
221,13.2490,0.8692,14.4249,0.9141,14.0517,0.9976,14.1932,0.8173,17.9303,0.9658,13.6405,0.6154,13.9593,1.1529,12.8246,0.9997,12.1683,0.8224,12.7340,0.9991,14.4854,1.0145
222,13.2723,0.8712,14.4397,0.9100,14.0885,1.0027,14.2107,0.8181,17.9323,0.9725,13.6515,0.6178,13.9663,1.1484,12.8225,0.9773,12.1936,0.8222,12.7624,1.0032,14.5133,1.0237
223,13.2956,0.8731,14.4545,0.9059,14.1252,1.0079,14.2282,0.8189,17.9342,0.9791,13.6626,0.6202,13.9734,1.1439,12.8204,0.9549,12.2188,0.8221,12.7908,1.0074,14.5411,1.0330
224,13.3188,0.8751,14.4693,0.9018,14.1619,1.0130,14.2457,0.8197,17.9362,0.9858,13.6736,0.6227,13.9804,1.1394,12.8183,0.9325,12.2441,0.8219,12.8192,1.0115,14.5690,1.0422
225,13.3421,0.8771,14.4841,0.8977,14.1987,1.0181,14.2632,0.8205,17.9382,0.9925,13.6846,0.6251,13.9874,1.1349,12.8162,0.9101,12.2694,0.8218,12.8476,1.0157,14.5969,1.0515
226,13.3653,0.8791,14.4989,0.8936,14.2354,1.0233,14.2807,0.8213,17.9401,0.9991,13.6956,0.6275,13.9945,1.1304,12.8141,0.8877,12.2946,0.8217,12.8760,1.0198,14.6247,1.0607
227,13.3886,0.8811,14.5137,0.8894,14.2722,1.0284,14.2983,0.8221,17.9421,1.0058,13.7066,0.6300,14.0015,1.1259,12.8120,0.8653,12.3199,0.8215,12.9044,1.0239,14.6526,1.0700
228,13.3437,0.8755,14.4504,0.8893,14.2618,1.0200,14.2596,0.8207,17.8583,0.9977,13.6681,0.6233,14.0044,1.1239,12.8196,0.8790,12.3184,0.8277,12.9157,1.0308,14.6608,1.0694
229,13.2989,0.8700,14.3872,0.8891,14.2514,1.0116,14.2210,0.8192,17.7745,0.9897,13.6297,0.6166,14.0073,1.1218,12.8273,0.8927,12.3170,0.8339,12.9269,1.0378,14.6690,1.0688
230,13.2541,0.8645,14.3240,0.8890,14.2411,1.0032,14.1824,0.8177,17.6907,0.9817,13.5912,0.6099,14.0102,1.1198,12.8349,0.9063,12.3155,0.8402,12.9382,1.0447,14.6772,1.0682
231,13.2092,0.8589,14.2607,0.8888,14.2307,0.9947,14.1437,0.8163,17.6068,0.9737,13.5527,0.6032,14.0131,1.1178,12.8425,0.9200,12.3141,0.8464,12.9494,1.0516,14.6855,1.0676
232,13.1644,0.8534,14.1975,0.8887,14.2203,0.9863,14.1051,0.8148,17.5230,0.9657,13.5142,0.5965,14.0160,1.1157,12.8501,0.9337,12.3126,0.8526,12.9606,1.0585,14.6937,1.0671
233,13.1195,0.8478,14.1343,0.8885,14.2100,0.9779,14.0665,0.8133,17.4392,0.9577,13.4758,0.5898,14.0189,1.1137,12.8577,0.9474,12.3112,0.8588,12.9719,1.0654,14.7019,1.0665
234,13.0747,0.8423,14.0710,0.8884,14.1996,0.9695,14.0278,0.8119,17.3554,0.9497,13.4373,0.5831,14.0218,1.1116,12.8653,0.9611,12.3097,0.8650,12.9831,1.0723,14.7101,1.0659
235,13.0298,0.8367,14.0078,0.8882,14.1892,0.9611,13.9892,0.8104,17.2716,0.9416,13.3988,0.5764,14.0247,1.1096,12.8730,0.9748,12.3083,0.8712,12.9944,1.0792,14.7183,1.0653
236,12.9850,0.8312,13.9446,0.8881,14.1789,0.9527,13.9506,0.8089,17.1878,0.9336,13.3603,0.5697,14.0276,1.1075,12.8806,0.9884,12.3068,0.8774,13.0056,1.0861,14.7265,1.0648
237,12.9402,0.8257,13.8813,0.8879,14.1685,0.9443,13.9120,0.8075,17.1040,0.9256,13.3219,0.5631,14.0305,1.1055,12.8882,1.0021,12.3054,0.8836,13.0169,1.0930,14.7348,1.0642
238,12.8953,0.8201,13.8181,0.8878,14.1581,0.9359,13.8733,0.8060,17.0202,0.9176,13.2834,0.5564,14.0334,1.1034,12.8958,1.0158,12.3039,0.8898,13.0281,1.0999,14.7430,1.0636
239,12.8505,0.8146,13.7548,0.8876,14.1478,0.9275,13.8347,0.8046,16.9364,0.9096,13.2449,0.5497,14.0363,1.1014,12.9034,1.0295,12.3025,0.8961,13.0393,1.1068,14.7512,1.0630
240,12.8056,0.8090,13.6916,0.8875,14.1374,0.9190,13.7961,0.8031,16.8526,0.9016,13.2064,0.5430,14.0392,1.0993,12.9111,1.0432,12.3010,0.9023,13.0506,1.1137,14.7594,1.0624
241,12.7608,0.8035,13.6284,0.8873,14.1271,0.9106,13.7574,0.8016,16.7688,0.8935,13.1680,0.5363,14.0421,1.0973,12.9187,1.0569,12.2996,0.9085,13.0618,1.1206,14.7676,1.0619
242,12.7160,0.7980,13.5651,0.8871,14.1167,0.9022,13.7188,0.8002,16.6849,0.8855,13.1295,0.5296,14.0450,1.0952,12.9263,1.0705,12.2981,0.9147,13.0731,1.1276,14.7758,1.0613
243,12.6711,0.7924,13.5019,0.8870,14.1063,0.8938,13.6802,0.7987,16.6011,0.8775,13.0910,0.5229,14.0479,1.0932,12.9339,1.0842,12.2967,0.9209,13.0843,1.1345,14.7841,1.0607
244,12.6263,0.7869,13.4387,0.8868,14.0960,0.8854,13.6416,0.7972,16.5173,0.8695,13.0525,0.5162,14.0508,1.0911,12.9415,1.0979,12.2953,0.9271,13.0956,1.1414,14.7923,1.0601
245,12.5814,0.7813,13.3754,0.8867,14.0856,0.8770,13.6029,0.7958,16.4335,0.8615,13.0140,0.5095,14.0537,1.0891,12.9492,1.1116,12.2938,0.9333,13.1068,1.1483,14.8005,1.0596
246,12.5366,0.7758,13.3122,0.8865,14.0752,0.8686,13.5643,0.7943,16.3497,0.8535,12.9756,0.5028,14.0566,1.0870,12.9568,1.1253,12.2924,0.9395,13.1180,1.1552,14.8087,1.0590
247,12.4918,0.7702,13.2490,0.8864,14.0649,0.8602,13.5257,0.7928,16.2659,0.8454,12.9371,0.4961,14.0595,1.0850,12.9644,1.1390,12.2909,0.9457,13.1293,1.1621,14.8169,1.0584
248,12.4469,0.7647,13.1857,0.8862,14.0545,0.8518,13.4870,0.7914,16.1821,0.8374,12.8986,0.4894,14.0624,1.0830,12.9720,1.1526,12.2895,0.9519,13.1405,1.1690,14.8251,1.0578
249,12.4021,0.7592,13.1225,0.8861,14.0441,0.8433,13.4484,0.7899,16.0983,0.8294,12.8601,0.4827,14.0653,1.0809,12.9796,1.1663,12.2880,0.9582,13.1518,1.1759,14.8333,1.0572
250,12.3572,0.7536,13.0593,0.8859,14.0338,0.8349,13.4098,0.7884,16.0145,0.8214,12.8217,0.4761,14.0682,1.0789,12.9873,1.1800,12.2866,0.9644,13.1630,1.1828,14.8416,1.0567
251,12.3124,0.7481,12.9960,0.8858,14.0234,0.8265,13.3712,0.7870,15.9307,0.8134,12.7832,0.4694,14.0711,1.0768,12.9949,1.1937,12.2851,0.9706,13.1743,1.1897,14.8498,1.0561
252,12.2676,0.7425,12.9328,0.8856,14.0130,0.8181,13.3325,0.7855,15.8469,0.8054,12.7447,0.4627,14.0740,1.0748,13.0025,1.2074,12.2837,0.9768,13.1855,1.1966,14.8580,1.0555
253,12.2227,0.7370,12.8696,0.8855,14.0027,0.8097,13.2939,0.7840,15.7630,0.7973,12.7062,0.4560,14.0769,1.0727,13.0101,1.2211,12.2822,0.9830,13.1968,1.2035,14.8662,1.0549
254,12.1779,0.7315,12.8063,0.8853,13.9923,0.8013,13.2553,0.7826,15.6792,0.7893,12.6678,0.4493,14.0798,1.0707,13.0177,1.2347,12.2808,0.9892,13.2080,1.2104,14.8744,1.0544
255,12.1330,0.7259,12.7431,0.8852,13.9819,0.7929,13.2166,0.7811,15.5954,0.7813,12.6293,0.4426,14.0827,1.0686,13.0254,1.2484,12.2793,0.9954,13.2192,1.2174,14.8826,1.0538
256,12.0882,0.7204,12.6798,0.8850,13.9716,0.7845,13.1780,0.7796,15.5116,0.7733,12.5908,0.4359,14.0856,1.0666,13.0330,1.2621,12.2779,1.0016,13.2305,1.2243,14.8909,1.0532
257,12.0434,0.7148,12.6166,0.8848,13.9612,0.7760,13.1394,0.7782,15.4278,0.7653,12.5523,0.4292,14.0885,1.0645,13.0406,1.2758,12.2764,1.0078,13.2417,1.2312,14.8991,1.0526
258,11.9985,0.7093,12.5534,0.8847,13.9508,0.7676,13.1007,0.7767,15.3440,0.7573,12.5138,0.4225,14.0914,1.0625,13.0482,1.2895,12.2750,1.0141,13.2530,1.2381,14.9073,1.0520
259,11.9329,0.7074,12.4734,0.8740,13.8873,0.7686,13.0356,0.7729,15.2245,0.7512,12.4522,0.4208,14.0517,1.0570,13.0338,1.2841,12.2678,1.0172,13.2474,1.2369,14.8935,1.0537
260,11.8672,0.7055,12.3935,0.8633,13.8238,0.7696,12.9704,0.7691,15.1051,0.7452,12.3905,0.4192,14.0120,1.0516,13.0193,1.2787,12.2607,1.0204,13.2417,1.2356,14.8798,1.0553
261,11.8015,0.7036,12.3135,0.8526,13.7603,0.7706,12.9053,0.7653,14.9856,0.7391,12.3288,0.4175,13.9723,1.0461,13.0048,1.2732,12.2535,1.0236,13.2361,1.2344,14.8660,1.0569
262,11.7359,0.7018,12.2336,0.8419,13.6967,0.7715,12.8401,0.7615,14.8661,0.7331,12.2671,0.4158,13.9326,1.0407,12.9904,1.2678,12.2463,1.0268,13.2305,1.2332,14.8523,1.0586
263,11.6702,0.6999,12.1536,0.8312,13.6332,0.7725,12.7749,0.7577,14.7466,0.7270,12.2055,0.4142,13.8928,1.0352,12.9759,1.2624,12.2392,1.0300,13.2249,1.2320,14.8385,1.0602
264,11.6046,0.6980,12.0737,0.8206,13.5697,0.7735,12.7098,0.7539,14.6272,0.7210,12.1438,0.4125,13.8531,1.0297,12.9615,1.2570,12.2320,1.0332,13.2193,1.2307,14.8248,1.0619
265,11.5389,0.6961,11.9937,0.8099,13.5061,0.7744,12.6446,0.7501,14.5077,0.7149,12.0821,0.4108,13.8134,1.0243,12.9470,1.2516,12.2249,1.0364,13.2137,1.2295,14.8110,1.0635
266,11.4732,0.6942,11.9138,0.7992,13.4426,0.7754,12.5795,0.7463,14.3882,0.7089,12.0204,0.4092,13.7737,1.0188,12.9326,1.2462,12.2177,1.0395,13.2080,1.2283,14.7973,1.0651
267,11.4076,0.6924,11.8338,0.7885,13.3791,0.7764,12.5143,0.7425,14.2688,0.7028,11.9588,0.4075,13.7340,1.0134,12.9181,1.2408,12.2105,1.0427,13.2024,1.2271,14.7835,1.0668
268,11.3419,0.6905,11.7539,0.7778,13.3155,0.7774,12.4491,0.7387,14.1493,0.6968,11.8971,0.4058,13.6943,1.0079,12.9036,1.2353,12.2034,1.0459,13.1968,1.2258,14.7698,1.0684
269,11.2763,0.6886,11.6740,0.7671,13.2520,0.7783,12.3840,0.7349,14.0298,0.6907,11.8354,0.4041,13.6546,1.0025,12.8892,1.2299,12.1962,1.0491,13.1912,1.2246,14.7560,1.0700
270,11.2106,0.6867,11.5940,0.7564,13.1885,0.7793,12.3188,0.7311,13.9103,0.6847,11.7737,0.4025,13.6148,0.9970,12.8747,1.2245,12.1890,1.0523,13.1856,1.2234,14.7423,1.0717
271,11.1449,0.6848,11.5141,0.7457,13.1249,0.7803,12.2537,0.7273,13.7909,0.6786,11.7121,0.4008,13.5751,0.9916,12.8603,1.2191,12.1819,1.0555,13.1800,1.2222,14.7285,1.0733
272,11.0793,0.6829,11.4341,0.7350,13.0614,0.7813,12.1885,0.7235,13.6714,0.6726,11.6504,0.3991,13.5354,0.9861,12.8458,1.2137,12.1747,1.0587,13.1743,1.2210,14.7148,1.0750
273,11.0136,0.6811,11.3542,0.7243,12.9979,0.7822,12.1233,0.7197,13.5519,0.6665,11.5887,0.3975,13.4957,0.9806,12.8314,1.2083,12.1676,1.0618,13.1687,1.2197,14.7010,1.0766
274,10.9480,0.6792,11.2742,0.7136,12.9343,0.7832,12.0582,0.7159,13.4325,0.6605,11.5270,0.3958,13.4560,0.9752,12.8169,1.2029,12.1604,1.0650,13.1631,1.2185,14.6873,1.0782
275,10.8823,0.6773,11.1943,0.7030,12.8708,0.7842,11.9930,0.7121,13.3130,0.6545,11.4654,0.3941,13.4163,0.9697,12.8024,1.1974,12.1532,1.0682,13.1575,1.2173,14.6735,1.0799
276,10.8166,0.6754,11.1143,0.6923,12.8073,0.7851,11.9279,0.7083,13.1935,0.6484,11.4037,0.3925,13.3766,0.9643,12.7880,1.1920,12.1461,1.0714,13.1519,1.2161,14.6598,1.0815
277,10.7510,0.6735,11.0344,0.6816,12.7437,0.7861,11.8627,0.7045,13.0740,0.6424,11.3420,0.3908,13.3369,0.9588,12.7735,1.1866,12.1389,1.0746,13.1463,1.2148,14.6460,1.0831
278,10.6853,0.6716,10.9544,0.6709,12.6802,0.7871,11.7975,0.7007,12.9546,0.6363,11.2803,0.3891,13.2971,0.9534,12.7591,1.1812,12.1318,1.0778,13.1406,1.2136,14.6323,1.0848
279,10.6197,0.6698,10.8745,0.6602,12.6167,0.7881,11.7324,0.6969,12.8351,0.6303,11.2187,0.3874,13.2574,0.9479,12.7446,1.1758,12.1246,1.0810,13.1350,1.2124,14.6185,1.0864
280,10.5540,0.6679,10.7945,0.6495,12.5531,0.7890,11.6672,0.6931,12.7156,0.6242,11.1570,0.3858,13.2177,0.9425,12.7302,1.1704,12.1174,1.0842,13.1294,1.2112,14.6048,1.0880
281,10.4884,0.6660,10.7146,0.6388,12.4896,0.7900,11.6021,0.6893,12.5962,0.6182,11.0953,0.3841,13.1780,0.9370,12.7157,1.1650,12.1103,1.0873,13.1238,1.2100,14.5910,1.0897
282,10.4227,0.6641,10.6346,0.6281,12.4261,0.7910,11.5369,0.6855,12.4767,0.6121,11.0336,0.3824,13.1383,0.9316,12.7012,1.1595,12.1031,1.0905,13.1182,1.2087,14.5773,1.0913
283,10.3570,0.6622,10.5547,0.6174,12.3625,0.7919,11.4717,0.6817,12.3572,0.6061,10.9720,0.3808,13.0986,0.9261,12.6868,1.1541,12.0959,1.0937,13.1126,1.2075,14.5635,1.0930
284,10.2914,0.6603,10.4747,0.6067,12.2990,0.7929,11.4066,0.6779,12.2377,0.6000,10.9103,0.3791,13.0589,0.9206,12.6723,1.1487,12.0888,1.0969,13.1070,1.2063,14.5498,1.0946
285,10.2257,0.6585,10.3948,0.5961,12.2355,0.7939,11.3414,0.6741,12.1183,0.5940,10.8486,0.3774,13.0192,0.9152,12.6579,1.1433,12.0816,1.1001,13.1013,1.2051,14.5360,1.0962
286,10.1601,0.6566,10.3148,0.5854,12.1719,0.7949,11.2762,0.6703,11.9988,0.5879,10.7869,0.3758,12.9794,0.9097,12.6434,1.1379,12.0745,1.1033,13.0957,1.2038,14.5223,1.0979
287,10.0944,0.6547,10.2349,0.5747,12.1084,0.7958,11.2111,0.6665,11.8793,0.5819,10.7253,0.3741,12.9397,0.9043,12.6290,1.1325,12.0673,1.1065,13.0901,1.2026,14.5085,1.0995
288,10.0287,0.6528,10.1549,0.5640,12.0449,0.7968,11.1459,0.6627,11.7599,0.5758,10.6636,0.3724,12.9000,0.8988,12.6145,1.1271,12.0601,1.1096,13.0845,1.2014,14.4948,1.1011
289,9.9711,0.6567,10.0931,0.5639,11.9754,0.7933,11.0928,0.6647,11.6732,0.5707,10.6190,0.3736,12.8451,0.8939,12.5863,1.1186,12.0581,1.1114,13.0748,1.1954,14.4712,1.0943
290,9.9134,0.6607,10.0312,0.5638,11.9059,0.7897,11.0397,0.6666,11.5864,0.5657,10.5744,0.3748,12.7902,0.8890,12.5582,1.1101,12.0560,1.1133,13.0651,1.1893,14.4476,1.0874
291,9.8557,0.6646,9.9693,0.5636,11.8364,0.7861,10.9867,0.6686,11.4997,0.5606,10.5298,0.3760,12.7353,0.8840,12.5300,1.1016,12.0539,1.1151,13.0555,1.1833,14.4241,1.0806
292,9.7981,0.6685,9.9075,0.5635,11.7669,0.7826,10.9336,0.6705,11.4130,0.5555,10.4852,0.3771,12.6804,0.8791,12.5019,1.0931,12.0518,1.1169,13.0458,1.1773,14.4005,1.0737
293,9.7404,0.6724,9.8456,0.5634,11.6974,0.7790,10.8805,0.6725,11.3263,0.5504,10.4406,0.3783,12.6255,0.8742,12.4737,1.0846,12.0498,1.1187,13.0361,1.1712,14.3769,1.0669
294,9.6827,0.6763,9.7837,0.5633,11.6279,0.7755,10.8274,0.6744,11.2396,0.5453,10.3960,0.3795,12.5706,0.8693,12.4455,1.0762,12.0477,1.1205,13.0264,1.1652,14.3533,1.0600
295,9.6251,0.6803,9.7218,0.5632,11.5584,0.7719,10.7743,0.6764,11.1529,0.5402,10.3514,0.3807,12.5157,0.8643,12.4174,1.0677,12.0456,1.1223,13.0168,1.1592,14.3298,1.0532
296,9.5674,0.6842,9.6600,0.5631,11.4889,0.7683,10.7212,0.6783,11.0662,0.5352,10.3068,0.3819,12.4608,0.8594,12.3892,1.0592,12.0436,1.1241,13.0071,1.1531,14.3062,1.0463
297,9.5097,0.6881,9.5981,0.5630,11.4194,0.7648,10.6681,0.6803,10.9795,0.5301,10.2622,0.3830,12.4059,0.8545,12.3610,1.0507,12.0415,1.1259,12.9974,1.1471,14.2826,1.0395
298,9.4521,0.6920,9.5362,0.5629,11.3499,0.7612,10.6150,0.6822,10.8928,0.5250,10.2176,0.3842,12.3510,0.8496,12.3329,1.0422,12.0394,1.1277,12.9877,1.1411,14.2590,1.0326
299,9.3944,0.6960,9.4744,0.5628,11.2804,0.7577,10.5619,0.6842,10.8060,0.5199,10.1730,0.3854,12.2961,0.8447,12.3047,1.0337,12.0373,1.1295,12.9780,1.1350,14.2355,1.0258
300,9.3367,0.6999,9.4125,0.5626,11.2110,0.7541,10.5088,0.6861,10.7193,0.5148,10.1284,0.3866,12.2412,0.8397,12.2765,1.0252,12.0353,1.1313,12.9684,1.1290,14.2119,1.0189
301,9.2791,0.7038,9.3506,0.5625,11.1415,0.7506,10.4557,0.6881,10.6326,0.5098,10.0838,0.3878,12.1863,0.8348,12.2484,1.0168,12.0332,1.1331,12.9587,1.1230,14.1883,1.0120
302,9.2214,0.7077,9.2888,0.5624,11.0720,0.7470,10.4026,0.6900,10.5459,0.5047,10.0392,0.3890,12.1314,0.8299,12.2202,1.0083,12.0311,1.1349,12.9490,1.1169,14.1647,1.0052
303,9.1637,0.7116,9.2269,0.5623,11.0025,0.7434,10.3496,0.6920,10.4592,0.4996,9.9946,0.3901,12.0765,0.8250,12.1921,0.9998,12.0290,1.1367,12.9393,1.1109,14.1412,0.9983
304,9.1061,0.7156,9.1650,0.5622,10.9330,0.7399,10.2965,0.6939,10.3725,0.4945,9.9500,0.3913,12.0216,0.8200,12.1639,0.9913,12.0270,1.1385,12.9297,1.1049,14.1176,0.9915
305,9.0484,0.7195,9.1031,0.5621,10.8635,0.7363,10.2434,0.6959,10.2858,0.4894,9.9054,0.3925,11.9667,0.8151,12.1357,0.9828,12.0249,1.1403,12.9200,1.0988,14.0940,0.9846
306,8.9907,0.7234,9.0413,0.5620,10.7940,0.7328,10.1903,0.6978,10.1991,0.4843,9.8608,0.3937,11.9118,0.8102,12.1076,0.9743,12.0228,1.1421,12.9103,1.0928,14.0705,0.9778
307,8.9331,0.7273,8.9794,0.5619,10.7245,0.7292,10.1372,0.6997,10.1124,0.4793,9.8162,0.3949,11.8569,0.8053,12.0794,0.9659,12.0208,1.1439,12.9006,1.0868,14.0469,0.9709
308,8.8754,0.7313,8.9175,0.5617,10.6550,0.7256,10.0841,0.7017,10.0256,0.4742,9.7716,0.3960,11.8020,0.8003,12.0512,0.9574,12.0187,1.1457,12.8910,1.0807,14.0233,0.9641
309,8.8177,0.7352,8.8557,0.5616,10.5855,0.7221,10.0310,0.7036,9.9389,0.4691,9.7270,0.3972,11.7471,0.7954,12.0231,0.9489,12.0166,1.1475,12.8813,1.0747,13.9997,0.9572
310,8.7601,0.7391,8.7938,0.5615,10.5160,0.7185,9.9779,0.7056,9.8522,0.4640,9.6824,0.3984,11.6922,0.7905,11.9949,0.9404,12.0145,1.1493,12.8716,1.0687,13.9762,0.9504
311,8.7024,0.7430,8.7319,0.5614,10.4465,0.7150,9.9248,0.7075,9.7655,0.4589,9.6378,0.3996,11.6373,0.7856,11.9668,0.9319,12.0125,1.1511,12.8619,1.0627,13.9526,0.9435
312,8.6447,0.7469,8.6700,0.5613,10.3770,0.7114,9.8717,0.7095,9.6788,0.4538,9.5932,0.4008,11.5824,0.7806,11.9386,0.9234,12.0104,1.1529,12.8523,1.0566,13.9290,0.9367
313,8.5871,0.7509,8.6082,0.5612,10.3075,0.7079,9.8186,0.7114,9.5921,0.4488,9.5486,0.4020,11.5275,0.7757,11.9104,0.9149,12.0083,1.1547,12.8426,1.0506,13.9054,0.9298
314,8.5294,0.7548,8.5463,0.5611,10.2380,0.7043,9.7655,0.7134,9.5054,0.4437,9.5040,0.4031,11.4726,0.7708,11.8823,0.9065,12.0063,1.1565,12.8329,1.0446,13.8819,0.9230
315,8.4717,0.7587,8.4844,0.5610,10.1685,0.7007,9.7125,0.7153,9.4187,0.4386,9.4594,0.4043,11.4177,0.7659,11.8541,0.8980,12.0042,1.1583,12.8232,1.0385,13.8583,0.9161
316,8.4141,0.7626,8.4226,0.5609,10.0991,0.6972,9.6594,0.7173,9.3320,0.4335,9.4148,0.4055,11.3628,0.7609,11.8259,0.8895,12.0021,1.1601,12.8135,1.0325,13.8347,0.9093
317,8.3564,0.7666,8.3607,0.5607,10.0296,0.6936,9.6063,0.7192,9.2452,0.4284,9.3702,0.4067,11.3079,0.7560,11.7978,0.8810,12.0000,1.1619,12.8039,1.0265,13.8111,0.9024
318,8.2987,0.7705,8.2988,0.5606,9.9601,0.6901,9.5532,0.7212,9.1585,0.4233,9.3256,0.4079,11.2530,0.7511,11.7696,0.8725,11.9980,1.1637,12.7942,1.0204,13.7876,0.8955
319,8.2411,0.7744,8.2369,0.5605,9.8906,0.6865,9.5001,0.7231,9.0718,0.4183,9.2810,0.4090,11.1981,0.7462,11.7415,0.8640,11.9959,1.1655,12.7845,1.0144,13.7640,0.8887
320,8.2081,0.7766,8.1975,0.5611,9.8445,0.6874,9.4632,0.7256,9.0208,0.4208,9.2500,0.4098,11.1469,0.7503,11.7108,0.8677,11.9695,1.1632,12.7620,1.0128,13.7432,0.8932
321,8.1751,0.7789,8.1581,0.5616,9.7985,0.6882,9.4263,0.7280,8.9698,0.4232,9.2190,0.4106,11.0957,0.7544,11.6802,0.8713,11.9431,1.1609,12.7394,1.0112,13.7224,0.8977
322,8.1421,0.7811,8.1187,0.5621,9.7525,0.6891,9.3894,0.7304,8.9187,0.4257,9.1880,0.4114,11.0444,0.7585,11.6496,0.8750,11.9168,1.1586,12.7168,1.0095,13.7015,0.9021
323,8.1091,0.7833,8.0793,0.5627,9.7064,0.6900,9.3525,0.7329,8.8677,0.4282,9.1569,0.4122,10.9932,0.7627,11.6190,0.8786,11.8904,1.1563,12.6943,1.0079,13.6807,0.9066
324,8.0761,0.7855,8.0398,0.5632,9.6604,0.6908,9.3156,0.7353,8.8167,0.4307,9.1259,0.4129,10.9419,0.7668,11.5884,0.8823,11.8640,1.1539,12.6717,1.0063,13.6599,0.9111
325,8.0432,0.7878,8.0004,0.5637,9.6143,0.6917,9.2787,0.7377,8.7656,0.4332,9.0949,0.4137,10.8907,0.7709,11.5577,0.8859,11.8376,1.1516,12.6492,1.0047,13.6391,0.9156
326,8.0102,0.7900,7.9610,0.5643,9.5683,0.6925,9.2418,0.7402,8.7146,0.4357,9.0639,0.4145,10.8395,0.7750,11.5271,0.8896,11.8113,1.1493,12.6266,1.0031,13.6183,0.9200
327,7.9772,0.7922,7.9216,0.5648,9.5223,0.6934,9.2049,0.7426,8.6636,0.4382,9.0328,0.4153,10.7882,0.7791,11.4965,0.8932,11.7849,1.1470,12.6041,1.0014,13.5975,0.9245
328,7.9442,0.7944,7.8821,0.5653,9.4762,0.6943,9.1680,0.7450,8.6125,0.4407,9.0018,0.4160,10.7370,0.7833,11.4659,0.8969,11.7585,1.1447,12.5815,0.9998,13.5767,0.9290
329,7.9112,0.7967,7.8427,0.5658,9.4302,0.6951,9.1311,0.7475,8.5615,0.4432,8.9708,0.4168,10.6858,0.7874,11.4352,0.9005,11.7321,1.1424,12.5589,0.9982,13.5558,0.9335
330,7.8782,0.7989,7.8033,0.5664,9.3842,0.6960,9.0942,0.7499,8.5105,0.4456,8.9398,0.4176,10.6345,0.7915,11.4046,0.9042,11.7057,1.1400,12.5364,0.9966,13.5350,0.9380
331,7.8452,0.8011,7.7639,0.5669,9.3381,0.6969,9.0573,0.7524,8.4595,0.4481,8.9087,0.4184,10.5833,0.7956,11.3740,0.9078,11.6794,1.1377,12.5138,0.9950,13.5142,0.9424
332,7.8123,0.8033,7.7244,0.5674,9.2921,0.6977,9.0205,0.7548,8.4084,0.4506,8.8777,0.4192,10.5321,0.7997,11.3434,0.9115,11.6530,1.1354,12.4913,0.9933,13.4934,0.9469
333,7.7793,0.8056,7.6850,0.5680,9.2461,0.6986,8.9836,0.7572,8.3574,0.4531,8.8467,0.4199,10.4808,0.8039,11.3128,0.9151,11.6266,1.1331,12.4687,0.9917,13.4726,0.9514
334,7.7463,0.8078,7.6456,0.5685,9.2000,0.6995,8.9467,0.7597,8.3064,0.4556,8.8157,0.4207,10.4296,0.8080,11.2821,0.9188,11.6002,1.1308,12.4462,0.9901,13.4518,0.9559
335,7.7133,0.8100,7.6062,0.5690,9.1540,0.7003,8.9098,0.7621,8.2553,0.4581,8.7846,0.4215,10.3783,0.8121,11.2515,0.9224,11.5739,1.1284,12.4236,0.9885,13.4309,0.9604
336,7.6803,0.8122,7.5668,0.5696,9.1079,0.7012,8.8729,0.7645,8.2043,0.4606,8.7536,0.4223,10.3271,0.8162,11.2209,0.9260,11.5475,1.1261,12.4010,0.9869,13.4101,0.9648
337,7.6473,0.8145,7.5273,0.5701,9.0619,0.7020,8.8360,0.7670,8.1533,0.4631,8.7226,0.4231,10.2759,0.8203,11.1903,0.9297,11.5211,1.1238,12.3785,0.9852,13.3893,0.9693
338,7.6143,0.8167,7.4879,0.5706,9.0159,0.7029,8.7991,0.7694,8.1022,0.4656,8.6916,0.4238,10.2246,0.8245,11.1597,0.9333,11.4947,1.1215,12.3559,0.9836,13.3685,0.9738
339,7.5814,0.8189,7.4485,0.5712,8.9698,0.7038,8.7622,0.7718,8.0512,0.4680,8.6605,0.4246,10.1734,0.8286,11.1290,0.9370,11.4684,1.1192,12.3334,0.9820,13.3477,0.9783
340,7.5484,0.8211,7.4091,0.5717,8.9238,0.7046,8.7253,0.7743,8.0002,0.4705,8.6295,0.4254,10.1222,0.8327,11.0984,0.9406,11.4420,1.1168,12.3108,0.9804,13.3269,0.9828
341,7.5154,0.8234,7.3696,0.5722,8.8778,0.7055,8.6884,0.7767,7.9491,0.4730,8.5985,0.4262,10.0709,0.8368,11.0678,0.9443,11.4156,1.1145,12.2883,0.9788,13.3060,0.9872
342,7.4824,0.8256,7.3302,0.5728,8.8317,0.7064,8.6515,0.7791,7.8981,0.4755,8.5674,0.4269,10.0197,0.8409,11.0372,0.9479,11.3892,1.1122,12.2657,0.9771,13.2852,0.9917
343,7.4494,0.8278,7.2908,0.5733,8.7857,0.7072,8.6146,0.7816,7.8471,0.4780,8.5364,0.4277,9.9685,0.8451,11.0065,0.9516,11.3628,1.1099,12.2431,0.9755,13.2644,0.9962
344,7.4164,0.8300,7.2514,0.5738,8.7396,0.7081,8.5777,0.7840,7.7961,0.4805,8.5054,0.4285,9.9172,0.8492,10.9759,0.9552,11.3365,1.1076,12.2206,0.9739,13.2436,1.0007
345,7.3834,0.8323,7.2120,0.5744,8.6936,0.7089,8.5408,0.7865,7.7450,0.4830,8.4744,0.4293,9.8660,0.8533,10.9453,0.9589,11.3101,1.1052,12.1980,0.9723,13.2228,1.0051
346,7.3504,0.8345,7.1725,0.5749,8.6476,0.7098,8.5039,0.7889,7.6940,0.4855,8.4433,0.4301,9.8147,0.8574,10.9147,0.9625,11.2837,1.1029,12.1755,0.9707,13.2020,1.0096
347,7.3175,0.8367,7.1331,0.5754,8.6015,0.7107,8.4670,0.7913,7.6430,0.4880,8.4123,0.4308,9.7635,0.8615,10.8841,0.9662,11.2573,1.1006,12.1529,0.9690,13.1811,1.0141
348,7.2845,0.8389,7.0937,0.5760,8.5555,0.7115,8.4301,0.7938,7.5919,0.4904,8.3813,0.4316,9.7123,0.8657,10.8534,0.9698,11.2310,1.0983,12.1304,0.9674,13.1603,1.0186
349,7.2515,0.8412,7.0543,0.5765,8.5095,0.7124,8.3932,0.7962,7.5409,0.4929,8.3503,0.4324,9.6610,0.8698,10.8228,0.9735,11.2046,1.0960,12.1078,0.9658,13.1395,1.0231
350,7.2230,0.8409,7.0327,0.5827,8.4894,0.7116,8.3747,0.7910,7.5209,0.4914,8.3305,0.4339,9.6409,0.8703,10.8049,0.9715,11.1906,1.0900,12.0908,0.9615,13.1250,1.0165
351,7.1944,0.8406,7.0111,0.5888,8.4692,0.7109,8.3562,0.7857,7.5009,0.4899,8.3107,0.4355,9.6208,0.8709,10.7869,0.9696,11.1766,1.0840,12.0738,0.9571,13.1105,1.0099
352,7.1659,0.8403,6.9895,0.5950,8.4491,0.7101,8.3377,0.7805,7.4809,0.4884,8.2908,0.4370,9.6006,0.8715,10.7690,0.9677,11.1626,1.0779,12.0568,0.9528,13.0960,1.0034
353,7.1374,0.8401,6.9679,0.6012,8.4290,0.7093,8.3192,0.7753,7.4609,0.4869,8.2710,0.4385,9.5805,0.8720,10.7510,0.9658,11.1486,1.0719,12.0398,0.9484,13.0815,0.9968
354,7.1088,0.8398,6.9464,0.6073,8.4089,0.7086,8.3007,0.7700,7.4409,0.4854,8.2512,0.4400,9.5603,0.8726,10.7331,0.9639,11.1345,1.0659,12.0228,0.9441,13.0670,0.9902
355,7.0803,0.8395,6.9248,0.6135,8.3888,0.7078,8.2822,0.7648,7.4209,0.4839,8.2314,0.4416,9.5402,0.8732,10.7152,0.9620,11.1205,1.0599,12.0058,0.9398,13.0526,0.9836
356,7.0518,0.8393,6.9032,0.6197,8.3687,0.7071,8.2637,0.7596,7.4009,0.4824,8.2116,0.4431,9.5201,0.8737,10.6972,0.9600,11.1065,1.0539,11.9888,0.9354,13.0381,0.9771
357,7.0232,0.8390,6.8816,0.6258,8.3486,0.7063,8.2452,0.7544,7.3809,0.4809,8.1918,0.4446,9.4999,0.8743,10.6793,0.9581,11.0925,1.0479,11.9718,0.9311,13.0236,0.9705
358,6.9947,0.8387,6.8600,0.6320,8.3285,0.7055,8.2267,0.7491,7.3609,0.4794,8.1720,0.4462,9.4798,0.8749,10.6613,0.9562,11.0785,1.0419,11.9548,0.9267,13.0091,0.9639
359,6.9662,0.8384,6.8385,0.6382,8.3084,0.7048,8.2082,0.7439,7.3409,0.4779,8.1522,0.4477,9.4596,0.8754,10.6434,0.9543,11.0645,1.0359,11.9378,0.9224,12.9946,0.9574
360,6.9376,0.8382,6.8169,0.6443,8.2882,0.7040,8.1897,0.7387,7.3209,0.4764,8.1324,0.4492,9.4395,0.8760,10.6254,0.9524,11.0505,1.0299,11.9208,0.9180,12.9801,0.9508
361,6.9091,0.8379,6.7953,0.6505,8.2681,0.7032,8.1712,0.7334,7.3009,0.4749,8.1126,0.4508,9.4194,0.8766,10.6075,0.9504,11.0365,1.0239,11.9038,0.9137,12.9656,0.9442
362,6.8806,0.8376,6.7737,0.6567,8.2480,0.7025,8.1526,0.7282,7.2809,0.4734,8.0928,0.4523,9.3992,0.8771,10.5896,0.9485,11.0225,1.0179,11.8868,0.9094,12.9511,0.9377
363,6.8521,0.8373,6.7521,0.6628,8.2279,0.7017,8.1341,0.7230,7.2609,0.4719,8.0730,0.4538,9.3791,0.8777,10.5716,0.9466,11.0085,1.0119,11.8698,0.9050,12.9366,0.9311
364,6.8235,0.8371,6.7305,0.6690,8.2078,0.7010,8.1156,0.7177,7.2409,0.4704,8.0532,0.4553,9.3590,0.8782,10.5537,0.9447,10.9945,1.0059,11.8527,0.9007,12.9221,0.9245
365,6.7950,0.8368,6.7090,0.6752,8.1877,0.7002,8.0971,0.7125,7.2209,0.4689,8.0333,0.4569,9.3388,0.8788,10.5357,0.9428,10.9805,0.9999,11.8357,0.8963,12.9077,0.9179
